iso2c	date	key	value
AE	2007-01-01	PCPI_IX	86.9531235204222
AE	2008-01-01	PCPI_IX	97.605246567666
AE	2009-01-01	PCPI_IX	99.1296581675539
AE	2010-01-01	PCPI_IX	100
AE	2011-01-01	PCPI_IX	100.877346595685
AE	2012-01-01	PCPI_IX	101.545425889605
AE	2013-01-01	PCPI_IX	102.663561221631
AE	2014-01-01	PCPI_IX	105.072324180443
AE	2015-01-01	PCPI_IX	109.348732137854
AE	2016-01-01	PCPI_IX	111.117434855702
AE	2017-01-01	PCPI_IX	113.302920986271
AE	2018-01-01	PCPI_IX	116.779772707568
AE	2019-01-01	PCPI_IX	114.524660532343
BD	2000-01-01	PCPI_IX	53.9091441150379
BD	2001-01-01	PCPI_IX	54.9911943003265
BD	2002-01-01	PCPI_IX	56.8238115576626
BD	2003-01-01	PCPI_IX	60.0449873584211
BD	2004-01-01	PCPI_IX	64.6009226216381
BD	2005-01-01	PCPI_IX	69.1531029680564
BD	2006-01-01	PCPI_IX	73.8314909913831
BD	2007-01-01	PCPI_IX	80.5553137783967
BD	2008-01-01	PCPI_IX	87.7263034206632
BD	2009-01-01	PCPI_IX	92.484115240665
BD	2010-01-01	PCPI_IX	100
BD	2011-01-01	PCPI_IX	111.39516515524
BD	2012-01-01	PCPI_IX	118.321164250415
BD	2013-01-01	PCPI_IX	127.231228786487
BD	2014-01-01	PCPI_IX	136.126776861358
BD	2015-01-01	PCPI_IX	144.558850888013
BD	2016-01-01	PCPI_IX	152.529140322278
BD	2017-01-01	PCPI_IX	161.226458913586
BD	2018-01-01	PCPI_IX	170.164243384102
BG	2000-01-01	PCPI_IX	56.1013968449146
BG	2001-01-01	PCPI_IX	60.2309865975912
BG	2002-01-01	PCPI_IX	63.7304934450711
BG	2003-01-01	PCPI_IX	65.2272943870787
BG	2004-01-01	PCPI_IX	69.2369014528234
BG	2005-01-01	PCPI_IX	72.7256368024915
BG	2006-01-01	PCPI_IX	78.0066777375015
BG	2007-01-01	PCPI_IX	84.5612155049241
BG	2008-01-01	PCPI_IX	95.0034428974733
BG	2009-01-01	PCPI_IX	97.6190798145944
BG	2010-01-01	PCPI_IX	100
BG	2011-01-01	PCPI_IX	104.219903466019
BG	2012-01-01	PCPI_IX	107.299151694355
BG	2013-01-01	PCPI_IX	108.254214513041
BG	2014-01-01	PCPI_IX	106.718970777133
BG	2015-01-01	PCPI_IX	106.607307237894
BG	2016-01-01	PCPI_IX	105.755782341187
BG	2017-01-01	PCPI_IX	107.938957188495
BG	2018-01-01	PCPI_IX	110.974058623258
BG	2019-01-01	PCPI_IX	114.418393160353
BR	2000-01-01	PCPI_IX	52.5315827425714
BR	2001-01-01	PCPI_IX	56.1249316036127
BR	2002-01-01	PCPI_IX	60.8675805806435
BR	2003-01-01	PCPI_IX	69.8241962003048
BR	2004-01-01	PCPI_IX	74.430627668128
BR	2005-01-01	PCPI_IX	79.5436673306746
BR	2006-01-01	PCPI_IX	82.8714308457339
BR	2007-01-01	PCPI_IX	85.8890058743968
BR	2008-01-01	PCPI_IX	90.7662937251917
BR	2009-01-01	PCPI_IX	95.2029817480311
BR	2010-01-01	PCPI_IX	100
BR	2011-01-01	PCPI_IX	106.636449622131
BR	2012-01-01	PCPI_IX	112.398549260784
BR	2013-01-01	PCPI_IX	119.372104441451
BR	2014-01-01	PCPI_IX	126.927212865611
BR	2015-01-01	PCPI_IX	138.388614560103
BR	2016-01-01	PCPI_IX	150.482594206408
BR	2017-01-01	PCPI_IX	155.668786230018
BR	2018-01-01	PCPI_IX	161.373814183906
BR	2019-01-01	PCPI_IX	167.397860280061
CL	2000-01-01	PCPI_IX	73.6733347667168
CL	2001-01-01	PCPI_IX	76.3028101483552
CL	2002-01-01	PCPI_IX	78.2022909051817
CL	2003-01-01	PCPI_IX	80.3999150720275
CL	2004-01-01	PCPI_IX	81.2479241023436
CL	2005-01-01	PCPI_IX	83.7280789077618
CL	2006-01-01	PCPI_IX	86.5681498602451
CL	2007-01-01	PCPI_IX	90.3839002365083
CL	2008-01-01	PCPI_IX	98.2620038701354
CL	2009-01-01	PCPI_IX	98.6089131369598
CL	2010-01-01	PCPI_IX	100
CL	2011-01-01	PCPI_IX	103.341216942593
CL	2012-01-01	PCPI_IX	106.449150720275
CL	2013-01-01	PCPI_IX	108.354117394109
CL	2014-01-01	PCPI_IX	113.466996344872
CL	2015-01-01	PCPI_IX	118.401419049667
CL	2016-01-01	PCPI_IX	122.884325951408
CL	2017-01-01	PCPI_IX	125.566544829069
CL	2018-01-01	PCPI_IX	128.623951838314
CL	2019-01-01	PCPI_IX	131.913566974844
CN	2000-01-01	PCPI_IX	80.9700195375273
CN	2001-01-01	PCPI_IX	81.5523012121143
CN	2002-01-01	PCPI_IX	80.9553583474872
CN	2003-01-01	PCPI_IX	81.8682125556712
CN	2004-01-01	PCPI_IX	84.9993750151793
CN	2005-01-01	PCPI_IX	86.5093176560146
CN	2006-01-01	PCPI_IX	87.936230977228007
CN	2007-01-01	PCPI_IX	92.1719128488834
CN	2008-01-01	PCPI_IX	97.6333339896663
CN	2009-01-01	PCPI_IX	96.9223960389561
CN	2010-01-01	PCPI_IX	100
CN	2011-01-01	PCPI_IX	105.553897059043
CN	2012-01-01	PCPI_IX	108.318909010561
CN	2013-01-01	PCPI_IX	111.158000721251
CN	2014-01-01	PCPI_IX	113.294061123401
CN	2015-01-01	PCPI_IX	114.922124554591
CN	2016-01-01	PCPI_IX	117.220567045682
CN	2017-01-01	PCPI_IX	119.088051569694
CN	2018-01-01	PCPI_IX	121.558877247618
CN	2019-01-01	PCPI_IX	125.083155733959
CO	2000-01-01	PCPI_IX	58.2158441469197
CO	2001-01-01	PCPI_IX	62.855473984401
CO	2002-01-01	PCPI_IX	66.8480065969558
CO	2003-01-01	PCPI_IX	71.6147652697766
CO	2004-01-01	PCPI_IX	75.8409400661986
CO	2005-01-01	PCPI_IX	79.6719846987276
CO	2006-01-01	PCPI_IX	83.0918648998431
CO	2007-01-01	PCPI_IX	87.6994262022837
CO	2008-01-01	PCPI_IX	93.8371147480902
CO	2009-01-01	PCPI_IX	97.7792539484384
CO	2010-01-01	PCPI_IX	100
CO	2011-01-01	PCPI_IX	103.41758959147
CO	2012-01-01	PCPI_IX	106.693161384903
CO	2013-01-01	PCPI_IX	108.846334451914
CO	2014-01-01	PCPI_IX	112.000503934122
CO	2015-01-01	PCPI_IX	117.58959146977
CO	2016-01-01	PCPI_IX	126.425618178278
CO	2017-01-01	PCPI_IX	131.87726913518
CO	2018-01-01	PCPI_IX	136.15040142934
CO	2019-01-01	PCPI_IX	140.950373942025
CZ	2000-01-01	PCPI_IX	77.8175954130084
CZ	2001-01-01	PCPI_IX	81.4459774234008
CZ	2002-01-01	PCPI_IX	82.9958788747536
CZ	2003-01-01	PCPI_IX	83.0944275219495
CZ	2004-01-01	PCPI_IX	85.3879233112345
CZ	2005-01-01	PCPI_IX	86.9736606342949
CZ	2006-01-01	PCPI_IX	89.177566744311
CZ	2007-01-01	PCPI_IX	91.7219136355492
CZ	2008-01-01	PCPI_IX	97.5542017559577
CZ	2009-01-01	PCPI_IX	98.548647195843
CZ	2010-01-01	PCPI_IX	100
CZ	2011-01-01	PCPI_IX	101.917219136355
CZ	2012-01-01	PCPI_IX	105.267873141014
CZ	2013-01-01	PCPI_IX	106.781938720659
CZ	2014-01-01	PCPI_IX	107.149256405662
CZ	2015-01-01	PCPI_IX	107.480738218957
CZ	2016-01-01	PCPI_IX	108.215373588963
CZ	2017-01-01	PCPI_IX	110.867228095323
CZ	2018-01-01	PCPI_IX	113.250313563877
CZ	2019-01-01	PCPI_IX	116.47554201756
EG	2000-01-01	PCPI_IX	45.0768656084691
EG	2001-01-01	PCPI_IX	46.1000010132971
EG	2002-01-01	PCPI_IX	47.361868012585
EG	2003-01-01	PCPI_IX	49.496835104023
EG	2004-01-01	PCPI_IX	55.0754349700109
EG	2005-01-01	PCPI_IX	57.7572765309499
EG	2006-01-01	PCPI_IX	62.1725468094228
EG	2007-01-01	PCPI_IX	67.9663872091587
EG	2008-01-01	PCPI_IX	80.4156759553908
EG	2009-01-01	PCPI_IX	89.8753703283582
EG	2010-01-01	PCPI_IX	100
EG	2011-01-01	PCPI_IX	110.064925987482
EG	2012-01-01	PCPI_IX	117.892445724817
EG	2013-01-01	PCPI_IX	129.056530012879
EG	2014-01-01	PCPI_IX	142.052800661666
EG	2015-01-01	PCPI_IX	156.784372636979
EG	2016-01-01	PCPI_IX	178.441948479442
EG	2017-01-01	PCPI_IX	231.094115427901
EG	2018-01-01	PCPI_IX	264.375055382558
HU	2000-01-01	PCPI_IX	57.8770182068018
HU	2001-01-01	PCPI_IX	63.1535554792168
HU	2002-01-01	PCPI_IX	66.4788732394366
HU	2003-01-01	PCPI_IX	69.5774647887324
HU	2004-01-01	PCPI_IX	74.2700103057369
HU	2005-01-01	PCPI_IX	76.9151494331845
HU	2006-01-01	PCPI_IX	79.9381655788389
HU	2007-01-01	PCPI_IX	86.3002404671934
HU	2008-01-01	PCPI_IX	91.5149433184473
HU	2009-01-01	PCPI_IX	95.3692889041567
HU	2010-01-01	PCPI_IX	100
HU	2011-01-01	PCPI_IX	103.929920989351
HU	2012-01-01	PCPI_IX	109.804190999657
HU	2013-01-01	PCPI_IX	111.707317073171
HU	2014-01-01	PCPI_IX	111.453108897286
HU	2015-01-01	PCPI_IX	111.384403984885
HU	2016-01-01	PCPI_IX	111.824115424253
HU	2017-01-01	PCPI_IX	114.450017176228
HU	2018-01-01	PCPI_IX	117.712126417039
HU	2019-01-01	PCPI_IX	121.64204740639
ID	2000-01-01	PCPI_IX	44.0160379497831
ID	2001-01-01	PCPI_IX	49.0779328792702
ID	2002-01-01	PCPI_IX	54.9182645910513
ID	2003-01-01	PCPI_IX	58.6292659267048
ID	2004-01-01	PCPI_IX	62.1845797227916
ID	2005-01-01	PCPI_IX	68.6848572274766
ID	2006-01-01	PCPI_IX	77.6885299427697
ID	2007-01-01	PCPI_IX	82.6656944122493
ID	2008-01-01	PCPI_IX	91.1196376754983
ID	2009-01-01	PCPI_IX	95.1165236317343
ID	2010-01-01	PCPI_IX	100
ID	2011-01-01	PCPI_IX	105.356047789822
ID	2012-01-01	PCPI_IX	109.864759851215
ID	2013-01-01	PCPI_IX	116.909852190406
ID	2014-01-01	PCPI_IX	124.386150032818
ID	2015-01-01	PCPI_IX	132.300991429788
ID	2016-01-01	PCPI_IX	136.965666608222
ID	2017-01-01	PCPI_IX	142.182412273917
ID	2018-01-01	PCPI_IX	146.729898360527
ID	2019-01-01	PCPI_IX	151.176675071352
IL	2000-01-01	PCPI_IX	80.7864164432529
IL	2001-01-01	PCPI_IX	81.71581769437
IL	2002-01-01	PCPI_IX	86.4075067024129
IL	2003-01-01	PCPI_IX	87.0330652368186
IL	2004-01-01	PCPI_IX	86.6756032171582
IL	2005-01-01	PCPI_IX	87.81054512958
IL	2006-01-01	PCPI_IX	89.6693476318141
IL	2007-01-01	PCPI_IX	90.0893655049151
IL	2008-01-01	PCPI_IX	94.2269883824844
IL	2009-01-01	PCPI_IX	97.3637176050045
IL	2010-01-01	PCPI_IX	100
IL	2011-01-01	PCPI_IX	103.467381590706
IL	2012-01-01	PCPI_IX	105.210008936551
IL	2013-01-01	PCPI_IX	106.86327077748
IL	2014-01-01	PCPI_IX	107.381590705987
IL	2015-01-01	PCPI_IX	106.702412868633
IL	2016-01-01	PCPI_IX	106.121537086685
IL	2017-01-01	PCPI_IX	106.380697050938
IL	2018-01-01	PCPI_IX	107.247542448615
IL	2019-01-01	PCPI_IX	108.150134048257
IN	2000-01-01	PCPI_IX	54.3383216485078
IN	2001-01-01	PCPI_IX	56.3919261013737
IN	2002-01-01	PCPI_IX	58.815172903837
IN	2003-01-01	PCPI_IX	61.0535954523922
IN	2004-01-01	PCPI_IX	63.3536380862151
IN	2005-01-01	PCPI_IX	66.0438512553292
IN	2006-01-01	PCPI_IX	69.8720985315016
IN	2007-01-01	PCPI_IX	74.3249644718143
IN	2008-01-01	PCPI_IX	80.5305542396968
IN	2009-01-01	PCPI_IX	89.2941733775462
IN	2010-01-01	PCPI_IX	100
IN	2011-01-01	PCPI_IX	108.858360966367
IN	2012-01-01	PCPI_IX	118.995736617717
IN	2013-01-01	PCPI_IX	131.975367124585
IN	2014-01-01	PCPI_IX	140.360018948366
IN	2015-01-01	PCPI_IX	148.60255802937
IN	2016-01-01	PCPI_IX	155.94504973946
IN	2017-01-01	PCPI_IX	159.829464708669
IN	2018-01-01	PCPI_IX	167.598294647087
IR	2000-01-01	PCPI_IX	25.615453804342
IR	2001-01-01	PCPI_IX	28.5034033705372
IR	2002-01-01	PCPI_IX	32.5896323907668
IR	2003-01-01	PCPI_IX	37.9564968412533
IR	2004-01-01	PCPI_IX	43.559448423577
IR	2005-01-01	PCPI_IX	49.4108405341712
IR	2006-01-01	PCPI_IX	54.3597800471328
IR	2007-01-01	PCPI_IX	63.7863315003928
IR	2008-01-01	PCPI_IX	79.9947630269704
IR	2009-01-01	PCPI_IX	90.8352971982194
IR	2010-01-01	PCPI_IX	100
IR	2011-01-01	PCPI_IX	120.869337522912
IR	2012-01-01	PCPI_IX	151.97695731867
IR	2013-01-01	PCPI_IX	211.652264990835
IR	2014-01-01	PCPI_IX	248.101597276774
IR	2015-01-01	PCPI_IX	282.089552238806
IR	2016-01-01	PCPI_IX	306.49384655669
IR	2017-01-01	PCPI_IX	337.103953914637
KR	2000-01-01	PCPI_IX	73.1145005331247
KR	2001-01-01	PCPI_IX	76.0876429483395
KR	2002-01-01	PCPI_IX	78.1895727223221
KR	2003-01-01	PCPI_IX	80.9378417832448
KR	2004-01-01	PCPI_IX	83.8439889622603
KR	2005-01-01	PCPI_IX	86.153128046018
KR	2006-01-01	PCPI_IX	88.0845494524604
KR	2007-01-01	PCPI_IX	90.3173578982533
KR	2008-01-01	PCPI_IX	94.5386069200954
KR	2009-01-01	PCPI_IX	97.1447399129611
KR	2010-01-01	PCPI_IX	100
KR	2011-01-01	PCPI_IX	104.025846249594
KR	2012-01-01	PCPI_IX	106.301121621065
KR	2013-01-01	PCPI_IX	107.684500029745
KR	2014-01-01	PCPI_IX	109.057170183459
KR	2015-01-01	PCPI_IX	109.827340829112
KR	2016-01-01	PCPI_IX	110.894505383873
KR	2017-01-01	PCPI_IX	113.050800144607
KR	2018-01-01	PCPI_IX	114.719274401322
KR	2019-01-01	PCPI_IX	115.15858742558
KW	2000-01-01	PCPI_IX	69.9434341326304
KW	2001-01-01	PCPI_IX	70.8526987763546
KW	2002-01-01	PCPI_IX	71.4821896835482
KW	2003-01-01	PCPI_IX	72.1693839239013
KW	2004-01-01	PCPI_IX	73.070465185832
KW	2005-01-01	PCPI_IX	76.0977569019605
KW	2006-01-01	PCPI_IX	78.4240755212118
KW	2007-01-01	PCPI_IX	82.7255967203686
KW	2008-01-01	PCPI_IX	91.4802065404475
KW	2009-01-01	PCPI_IX	95.697074010327
KW	2010-01-01	PCPI_IX	100
KW	2011-01-01	PCPI_IX	104.83940349871
KW	2012-01-01	PCPI_IX	108.252079151133
KW	2013-01-01	PCPI_IX	111.155721250358
KW	2014-01-01	PCPI_IX	114.389159736163
KW	2015-01-01	PCPI_IX	118.131631775165
KW	2016-01-01	PCPI_IX	121.909951247491
KW	2017-01-01	PCPI_IX	124.557631780803
KW	2018-01-01	PCPI_IX	125.234145567617
MA	2000-01-01	PCPI_IX	83.6497532900758
MA	2001-01-01	PCPI_IX	84.1682160296498
MA	2002-01-01	PCPI_IX	86.521239232332
MA	2003-01-01	PCPI_IX	87.5315768786814
MA	2004-01-01	PCPI_IX	88.8388119912827
MA	2005-01-01	PCPI_IX	89.7117791681722
MA	2006-01-01	PCPI_IX	92.658597303358
MA	2007-01-01	PCPI_IX	94.5507647375298
MA	2008-01-01	PCPI_IX	98.0631773115056
MA	2009-01-01	PCPI_IX	99.016217047114
MA	2010-01-01	PCPI_IX	100
MA	2011-01-01	PCPI_IX	100.906924909692
MA	2012-01-01	PCPI_IX	102.205720544155
MA	2013-01-01	PCPI_IX	104.127857197756
MA	2014-01-01	PCPI_IX	104.588425178695
MA	2015-01-01	PCPI_IX	106.217815694412
MA	2016-01-01	PCPI_IX	107.954807470602
MA	2017-01-01	PCPI_IX	108.769502728461
MA	2018-01-01	PCPI_IX	110.85021916071
MU	2000-01-01	PCPI_IX	56.8934453545595
MU	2001-01-01	PCPI_IX	59.9596289873974
MU	2002-01-01	PCPI_IX	63.8086376706983
MU	2003-01-01	PCPI_IX	66.3106085396153
MU	2004-01-01	PCPI_IX	69.4340839496486
MU	2005-01-01	PCPI_IX	72.862162746776
MU	2006-01-01	PCPI_IX	79.3567323929997
MU	2007-01-01	PCPI_IX	86.3617834574779
MU	2008-01-01	PCPI_IX	94.7667567754904
MU	2009-01-01	PCPI_IX	97.1511748804325
MU	2010-01-01	PCPI_IX	100
MU	2011-01-01	PCPI_IX	106.522492548693
MU	2012-01-01	PCPI_IX	110.625909752547
MU	2013-01-01	PCPI_IX	114.545712899425
MU	2014-01-01	PCPI_IX	118.231441048035
MU	2015-01-01	PCPI_IX	119.752547307132
MU	2016-01-01	PCPI_IX	120.923338185347
MU	2017-01-01	PCPI_IX	125.357593401262
MU	2018-01-01	PCPI_IX	129.389161086851
MU	2019-01-01	PCPI_IX	129.914034934498
MX	2000-01-01	PCPI_IX	63.3128119183035
MX	2001-01-01	PCPI_IX	67.3444059411695
MX	2002-01-01	PCPI_IX	70.732319377097
MX	2003-01-01	PCPI_IX	73.9484472925727
MX	2004-01-01	PCPI_IX	77.4154528387154
MX	2005-01-01	PCPI_IX	80.5028253377382
MX	2006-01-01	PCPI_IX	83.4246493200917
MX	2007-01-01	PCPI_IX	86.7339792329343
MX	2008-01-01	PCPI_IX	91.1790807033324
MX	2009-01-01	PCPI_IX	96.0091610619154
MX	2010-01-01	PCPI_IX	100
MX	2011-01-01	PCPI_IX	103.407378246057
MX	2012-01-01	PCPI_IX	107.658982747635
MX	2013-01-01	PCPI_IX	111.756904251934
MX	2014-01-01	PCPI_IX	116.247985177591
MX	2015-01-01	PCPI_IX	119.410675116721
MX	2016-01-01	PCPI_IX	122.780095507214
MX	2017-01-01	PCPI_IX	130.197802476747
MX	2018-01-01	PCPI_IX	136.57664871233
MX	2019-01-01	PCPI_IX	141.542522969974
MY	2000-01-01	PCPI_IX	80.519271906486
MY	2001-01-01	PCPI_IX	81.6600566572238
MY	2002-01-01	PCPI_IX	83.1363663346492
MY	2003-01-01	PCPI_IX	84.0422836367056
MY	2004-01-01	PCPI_IX	85.2367523757134
MY	2005-01-01	PCPI_IX	87.7726062146297
MY	2006-01-01	PCPI_IX	90.9405264022545
MY	2007-01-01	PCPI_IX	92.7842120541747
MY	2008-01-01	PCPI_IX	97.8323989582419
MY	2009-01-01	PCPI_IX	98.4030635647887
MY	2010-01-01	PCPI_IX	100
MY	2011-01-01	PCPI_IX	103.174470921513
MY	2012-01-01	PCPI_IX	104.890851524746
MY	2013-01-01	PCPI_IX	107.098816863856
MY	2014-01-01	PCPI_IX	110.464922512915
MY	2015-01-01	PCPI_IX	112.789535077487
MY	2016-01-01	PCPI_IX	115.147475420763
MY	2017-01-01	PCPI_IX	119.605065822363
MY	2018-01-01	PCPI_IX	120.663222796201
NG	2000-01-01	PCPI_IX	29.6007321383724
NG	2001-01-01	PCPI_IX	35.187469597557
NG	2002-01-01	PCPI_IX	39.7184119898566
NG	2003-01-01	PCPI_IX	45.2916136148502
NG	2004-01-01	PCPI_IX	52.0844651416705
NG	2005-01-01	PCPI_IX	61.388570117053
NG	2006-01-01	PCPI_IX	66.4379159972458
NG	2007-01-01	PCPI_IX	70.0175962053401
NG	2008-01-01	PCPI_IX	78.126386657486
NG	2009-01-01	PCPI_IX	87.9351235559636
NG	2010-01-01	PCPI_IX	100
NG	2011-01-01	PCPI_IX	110.840027541887
NG	2012-01-01	PCPI_IX	124.382220182082
NG	2013-01-01	PCPI_IX	134.924642338
NG	2014-01-01	PCPI_IX	145.802922500191
NG	2015-01-01	PCPI_IX	158.938872312753
NG	2016-01-01	PCPI_IX	183.853081818277
NG	2017-01-01	PCPI_IX	214.232119297381
NG	2018-01-01	PCPI_IX	240.142919021414
NG	2019-01-01	PCPI_IX	267.511515134176
OM	2000-01-01	PCPI_IX	74.7676129523116
OM	2001-01-01	PCPI_IX	74.1570107798677
OM	2002-01-01	PCPI_IX	73.9496834822752
OM	2003-01-01	PCPI_IX	74.1207503106155
OM	2004-01-01	PCPI_IX	74.5839820690471
OM	2005-01-01	PCPI_IX	76.0084134622574
OM	2006-01-01	PCPI_IX	78.7029010145078
OM	2007-01-01	PCPI_IX	83.2916612080894
OM	2008-01-01	PCPI_IX	93.5993450729136
OM	2009-01-01	PCPI_IX	96.8461287370816
OM	2010-01-01	PCPI_IX	100
OM	2011-01-01	PCPI_IX	104.042188671164
OM	2012-01-01	PCPI_IX	107.109076632045
OM	2013-01-01	PCPI_IX	108.228932433879
OM	2014-01-01	PCPI_IX	109.335403505015
OM	2015-01-01	PCPI_IX	109.406788735411
OM	2016-01-01	PCPI_IX	110.62033765214
OM	2017-01-01	PCPI_IX	112.387122104437
OM	2018-01-01	PCPI_IX	113.377592176179
PE	2000-01-01	PCPI_IX	79.1618539622357
PE	2001-01-01	PCPI_IX	80.7269620151228
PE	2002-01-01	PCPI_IX	80.8828740363217
PE	2003-01-01	PCPI_IX	82.7103235208532
PE	2004-01-01	PCPI_IX	85.7395669542006
PE	2005-01-01	PCPI_IX	87.1253772370504
PE	2006-01-01	PCPI_IX	88.8698520836898
PE	2007-01-01	PCPI_IX	90.451723406074
PE	2008-01-01	PCPI_IX	95.6851479459922
PE	2009-01-01	PCPI_IX	98.4946854352191
PE	2010-01-01	PCPI_IX	100
PE	2011-01-01	PCPI_IX	103.369310953339
PE	2012-01-01	PCPI_IX	107.148192227193
PE	2013-01-01	PCPI_IX	110.155538227931
PE	2014-01-01	PCPI_IX	113.73004473263
PE	2015-01-01	PCPI_IX	117.766651618993
PE	2016-01-01	PCPI_IX	121.99696310584
PE	2017-01-01	PCPI_IX	125.41634177371
PE	2018-01-01	PCPI_IX	127.068887265564
PH	2000-01-01	PCPI_IX	63.6514522821577
PH	2001-01-01	PCPI_IX	67.0539419087137
PH	2002-01-01	PCPI_IX	68.8796680497925
PH	2003-01-01	PCPI_IX	70.4564315352697
PH	2004-01-01	PCPI_IX	73.8589211618257
PH	2005-01-01	PCPI_IX	78.6721991701245
PH	2006-01-01	PCPI_IX	82.9875518672199
PH	2007-01-01	PCPI_IX	85.3941908713693
PH	2008-01-01	PCPI_IX	92.448132780083
PH	2009-01-01	PCPI_IX	96.3485477178423
PH	2010-01-01	PCPI_IX	100
PH	2011-01-01	PCPI_IX	104.718417047184
PH	2012-01-01	PCPI_IX	107.888205739633
PH	2013-01-01	PCPI_IX	110.674621117395
PH	2014-01-01	PCPI_IX	114.656498576585
PH	2015-01-01	PCPI_IX	115.429504132997
PH	2016-01-01	PCPI_IX	116.876642442093
PH	2017-01-01	PCPI_IX	120.211352458706
PH	2018-01-01	PCPI_IX	126.476292840321
PK	2000-01-01	PCPI_IX	43.0525036880848
PK	2001-01-01	PCPI_IX	44.4079090631941
PK	2002-01-01	PCPI_IX	45.8690823570402
PK	2003-01-01	PCPI_IX	47.2057692028511
PK	2004-01-01	PCPI_IX	50.7200615536489
PK	2005-01-01	PCPI_IX	55.3169867746759
PK	2006-01-01	PCPI_IX	59.69869198496
PK	2007-01-01	PCPI_IX	64.2350071860982
PK	2008-01-01	PCPI_IX	77.2657985279387
PK	2009-01-01	PCPI_IX	87.8108531858369
PK	2010-01-01	PCPI_IX	100
PK	2011-01-01	PCPI_IX	111.916769465206
PK	2012-01-01	PCPI_IX	122.752944875795
PK	2013-01-01	PCPI_IX	132.195293036306
PK	2014-01-01	PCPI_IX	141.699320320248
PK	2015-01-01	PCPI_IX	145.283361149409
PK	2016-01-01	PCPI_IX	150.753452821518
PK	2017-01-01	PCPI_IX	156.912294705271
PK	2018-01-01	PCPI_IX	164.880390876327
PL	2000-01-01	PCPI_IX	76.047605985037407
PL	2001-01-01	PCPI_IX	80.1605156227079
PL	2002-01-01	PCPI_IX	81.6877996186006
PL	2003-01-01	PCPI_IX	82.2454833504474
PL	2004-01-01	PCPI_IX	85.0275575766466
PL	2005-01-01	PCPI_IX	86.8843882939709
PL	2006-01-01	PCPI_IX	88.0005867683732
PL	2007-01-01	PCPI_IX	90.1642951444917
PL	2008-01-01	PCPI_IX	93.9196127328737
PL	2009-01-01	PCPI_IX	97.4842305999707
PL	2010-01-01	PCPI_IX	100
PL	2011-01-01	PCPI_IX	104.239401496259
PL	2012-01-01	PCPI_IX	107.950711456653
PL	2013-01-01	PCPI_IX	109.021563737715
PL	2014-01-01	PCPI_IX	109.080240575033
PL	2015-01-01	PCPI_IX	108.126741968608
PL	2016-01-01	PCPI_IX	107.407950711457
PL	2017-01-01	PCPI_IX	109.637670529558
PL	2018-01-01	PCPI_IX	111.625348393722
PL	2019-01-01	PCPI_IX	114.111779375092
QA	2000-01-01	PCPI_IX	60.8834509095827
QA	2001-01-01	PCPI_IX	61.7792500350916
QA	2002-01-01	PCPI_IX	61.9275202351758
QA	2003-01-01	PCPI_IX	63.3299092109724
QA	2004-01-01	PCPI_IX	67.6359229384182
QA	2005-01-01	PCPI_IX	73.5976205668046
QA	2006-01-01	PCPI_IX	82.3084948217525
QA	2007-01-01	PCPI_IX	93.6326313531848
QA	2008-01-01	PCPI_IX	107.724478286189
QA	2009-01-01	PCPI_IX	102.485537415603
QA	2010-01-01	PCPI_IX	100
QA	2011-01-01	PCPI_IX	101.138366235292
QA	2012-01-01	PCPI_IX	103.480071915553
QA	2013-01-01	PCPI_IX	106.806166224612
QA	2014-01-01	PCPI_IX	110.385923064599
QA	2015-01-01	PCPI_IX	112.163340869039
QA	2016-01-01	PCPI_IX	115.385300033822
QA	2017-01-01	PCPI_IX	115.857023336953
QA	2018-01-01	PCPI_IX	116.255763034694
RO	2000-01-01	PCPI_IX	31.9822220530293
RO	2001-01-01	PCPI_IX	43.0087366998496
RO	2002-01-01	PCPI_IX	52.7028570340903
RO	2003-01-01	PCPI_IX	60.7524221025182
RO	2004-01-01	PCPI_IX	67.9663855949141
RO	2005-01-01	PCPI_IX	74.0934960123342
RO	2006-01-01	PCPI_IX	78.952928412357
RO	2007-01-01	PCPI_IX	82.7721415383444
RO	2008-01-01	PCPI_IX	89.2704189428403
RO	2009-01-01	PCPI_IX	94.2583322230047
RO	2010-01-01	PCPI_IX	100
RO	2011-01-01	PCPI_IX	105.789253288159
RO	2012-01-01	PCPI_IX	109.317243085825
RO	2013-01-01	PCPI_IX	113.673220777738
RO	2014-01-01	PCPI_IX	114.887603022632
RO	2015-01-01	PCPI_IX	114.204990933389
RO	2016-01-01	PCPI_IX	112.440756038601
RO	2017-01-01	PCPI_IX	113.946361611816
RO	2018-01-01	PCPI_IX	119.216932828292
RU	2000-01-01	PCPI_IX	30.7595536540074
RU	2001-01-01	PCPI_IX	37.3657852105702
RU	2002-01-01	PCPI_IX	43.2653684455772
RU	2003-01-01	PCPI_IX	49.1768425137193
RU	2004-01-01	PCPI_IX	54.5315199244747
RU	2005-01-01	PCPI_IX	61.4490089758499
RU	2006-01-01	PCPI_IX	67.3903013768283
RU	2007-01-01	PCPI_IX	73.4603471089942
RU	2008-01-01	PCPI_IX	83.8261661028972
RU	2009-01-01	PCPI_IX	93.5896759401721
RU	2010-01-01	PCPI_IX	100
RU	2011-01-01	PCPI_IX	108.440464859326
RU	2012-01-01	PCPI_IX	113.943539767608
RU	2013-01-01	PCPI_IX	121.640047972666
RU	2014-01-01	PCPI_IX	131.152506147458
RU	2015-01-01	PCPI_IX	151.526255807896
RU	2016-01-01	PCPI_IX	162.19739729671
RU	2017-01-01	PCPI_IX	168.171663863806
RU	2018-01-01	PCPI_IX	173.012172116464
RU	2019-01-01	PCPI_IX	180.746438654226
SA	2000-01-01	PCPI_IX	76.6908851153919
SA	2001-01-01	PCPI_IX	75.8312201349547
SA	2002-01-01	PCPI_IX	76.0186646681047
SA	2003-01-01	PCPI_IX	76.4840474045479
SA	2004-01-01	PCPI_IX	76.8783287094504
SA	2005-01-01	PCPI_IX	77.2467540092467
SA	2006-01-01	PCPI_IX	78.9531526807478
SA	2007-01-01	PCPI_IX	82.2437807987369
SA	2008-01-01	PCPI_IX	90.3614460659914
SA	2009-01-01	PCPI_IX	94.9312256840462
SA	2010-01-01	PCPI_IX	100
SA	2011-01-01	PCPI_IX	105.82621637394
SA	2012-01-01	PCPI_IX	108.859481782476
SA	2013-01-01	PCPI_IX	112.681584015521
SA	2014-01-01	PCPI_IX	115.207740036871
SA	2015-01-01	PCPI_IX	116.616377223497
SA	2016-01-01	PCPI_IX	119.011060440762
SA	2017-01-01	PCPI_IX	118.017501678462
SA	2018-01-01	PCPI_IX	120.927746106031
SA	2019-01-01	PCPI_IX	119.469337072144
TH	2000-01-01	PCPI_IX	77.3524002473063
TH	2001-01-01	PCPI_IX	78.6108533105172
TH	2002-01-01	PCPI_IX	79.1590138472533
TH	2003-01-01	PCPI_IX	80.5873194711431
TH	2004-01-01	PCPI_IX	82.8108439018472
TH	2005-01-01	PCPI_IX	86.5707619496003
TH	2006-01-01	PCPI_IX	90.5854588383715
TH	2007-01-01	PCPI_IX	92.615968995577
TH	2008-01-01	PCPI_IX	97.6806635321804
TH	2009-01-01	PCPI_IX	96.854562441607
TH	2010-01-01	PCPI_IX	100
TH	2011-01-01	PCPI_IX	103.808790581396
TH	2012-01-01	PCPI_IX	106.938521293068
TH	2013-01-01	PCPI_IX	109.275006271572
TH	2014-01-01	PCPI_IX	111.345922613126
TH	2015-01-01	PCPI_IX	110.34333613031001
TH	2016-01-01	PCPI_IX	110.550946791118
TH	2017-01-01	PCPI_IX	111.286809151122
TH	2018-01-01	PCPI_IX	112.470786778062
TH	2019-01-01	PCPI_IX	113.265649996346
TR	2000-01-01	PCPI_IX	20.5948262331839
TR	2001-01-01	PCPI_IX	31.7984505792227
TR	2002-01-01	PCPI_IX	46.0963443572496
TR	2003-01-01	PCPI_IX	56.05427877429
TR	2004-01-01	PCPI_IX	60.8739723467862
TR	2005-01-01	PCPI_IX	65.852952167414
TR	2006-01-01	PCPI_IX	72.1730194319881
TR	2007-01-01	PCPI_IX	78.4926195814649
TR	2008-01-01	PCPI_IX	86.6904895366218
TR	2009-01-01	PCPI_IX	92.1094917787743
TR	2010-01-01	PCPI_IX	100
TR	2011-01-01	PCPI_IX	106.471879671151
TR	2012-01-01	PCPI_IX	115.938901345291
TR	2013-01-01	PCPI_IX	124.626307922272
TR	2014-01-01	PCPI_IX	135.661434977578
TR	2015-01-01	PCPI_IX	146.067825112108
TR	2016-01-01	PCPI_IX	157.424794469357
TR	2017-01-01	PCPI_IX	174.96870328849
TR	2018-01-01	PCPI_IX	203.545403587444
TR	2019-01-01	PCPI_IX	234.437126307922
TW	2001-01-01	PCPI_IX	NA
TW	2006-01-01	PCPI_IX	NA
TW	2011-01-01	PCPI_IX	NA
UA	2000-01-01	PCPI_IX	34.8449503844237
UA	2001-01-01	PCPI_IX	39.0119912864225
UA	2002-01-01	PCPI_IX	39.3074762410188
UA	2003-01-01	PCPI_IX	41.3434768691162
UA	2004-01-01	PCPI_IX	45.0842627121277
UA	2005-01-01	PCPI_IX	51.2020062262193
UA	2006-01-01	PCPI_IX	55.8370805949498
UA	2007-01-01	PCPI_IX	63.005880318229
UA	2008-01-01	PCPI_IX	78.9000345901072
UA	2009-01-01	PCPI_IX	91.4303009339329
UA	2010-01-01	PCPI_IX	100
UA	2011-01-01	PCPI_IX	107.955724662746
UA	2012-01-01	PCPI_IX	108.569699066067
UA	2013-01-01	PCPI_IX	108.310273261847
UA	2014-01-01	PCPI_IX	121.385333794535
UA	2015-01-01	PCPI_IX	180.499827049464
UA	2016-01-01	PCPI_IX	205.612244897959
UA	2017-01-01	PCPI_IX	235.299204427534
UA	2018-01-01	PCPI_IX	261.068834313386
VE	2008-01-01	PCPI_IX	61.3866619681085
VE	2009-01-01	PCPI_IX	78.0107479517223
VE	2010-01-01	PCPI_IX	100
VE	2011-01-01	PCPI_IX	126.090212316096
VE	2012-01-01	PCPI_IX	152.656153642851
VE	2013-01-01	PCPI_IX	214.694740551493
VE	2014-01-01	PCPI_IX	348.16756232931
VE	2015-01-01	PCPI_IX	772.020086336006
VE	2016-01-01	PCPI_IX	2740.27398467095
VN	2000-01-01	PCPI_IX	48.1276370863991
VN	2001-01-01	PCPI_IX	47.9199449099283
VN	2002-01-01	PCPI_IX	49.7556757600255
VN	2003-01-01	PCPI_IX	51.3577537649336
VN	2004-01-01	PCPI_IX	55.3426693087873
VN	2005-01-01	PCPI_IX	59.9258291709294
VN	2006-01-01	PCPI_IX	64.3518231528433
VN	2007-01-01	PCPI_IX	69.6954630806061
VN	2008-01-01	PCPI_IX	85.806486764141
VN	2009-01-01	PCPI_IX	91.8597555689321
VN	2010-01-01	PCPI_IX	100
VN	2011-01-01	PCPI_IX	118.675500424698
VN	2012-01-01	PCPI_IX	129.46810686565
VN	2013-01-01	PCPI_IX	138.002975776743
VN	2014-01-01	PCPI_IX	144.502941375044
VN	2015-01-01	PCPI_IX	145.772549585057
VN	2016-01-01	PCPI_IX	150.500780526915
VN	2017-01-01	PCPI_IX	155.798794620082
VN	2018-01-01	PCPI_IX	161.313189163457
VN	2019-01-01	PCPI_IX	165.823533283397
ZA	2000-01-01	PCPI_IX	59.898771742989
ZA	2001-01-01	PCPI_IX	63.3141427050053
ZA	2002-01-01	PCPI_IX	69.3256348361141
ZA	2003-01-01	PCPI_IX	73.2629274642054
ZA	2004-01-01	PCPI_IX	72.7559259259259
ZA	2005-01-01	PCPI_IX	74.2567731629393
ZA	2006-01-01	PCPI_IX	76.6655898710212
ZA	2007-01-01	PCPI_IX	81.4018459353923
ZA	2008-01-01	PCPI_IX	89.5870311205774
ZA	2009-01-01	PCPI_IX	96.0951366702165
ZA	2010-01-01	PCPI_IX	100
ZA	2011-01-01	PCPI_IX	105.017157732813
ZA	2012-01-01	PCPI_IX	111.028280676843
ZA	2013-01-01	PCPI_IX	117.441722873033
ZA	2014-01-01	PCPI_IX	124.64797065436
ZA	2015-01-01	PCPI_IX	130.268607265412
ZA	2016-01-01	PCPI_IX	138.859306590936
ZA	2017-01-01	PCPI_IX	146.053721453082
ZA	2018-01-01	PCPI_IX	152.632824517809
ZA	2019-01-01	PCPI_IX	158.927937522187
